{"id":86657345,"status":2,"title":"Product List Template","order":3,"templateKey":"products","customTemplate":false,"customTemplateFilename":null,"pageLinks":[],"dateCreated":"2023-04-25T13:27:42.905Z","dateUpdated":"2023-04-25T13:27:42.908Z","folderId":null,"pageName":"Product List Template","customColors":[{"color":"#ffffff","status":0,"transparency":0.37,"index":0},{"color":"#171412","status":0,"transparency":1,"index":1},{"color":"#341c06","status":0,"transparency":1,"index":2},{"color":"#130a02","status":0,"transparency":1,"index":3}]}